username,playtime,user_score,computer_score
pc,156.19887971878052,4,1
kostas,39.81451106071472,1,0
K,32.50715684890747,1,2
X,33.30715684890747,24,21
G,123.30715684890747,24,32
Kostas,10.990652799606323,0,1
